id,created_at,_keywords,platform,geo_lat,geo_lon,place,country,tweet_in_reply_to_id,retweet_count,favourite_count,user_id,user_screen_name,user_name,user_location,user_geoenabled,user_followers_count,user_friends_count,text
570734919787245568,Wed Feb 25 23:59:43 +0000 2015,"['big', 'data']","<a href=""http://twitter.com"" rel=""nofollow"">Twitter Web Client</a>",,,,,,2,0,3035072466,mrfidlsticks,Mr Fid L Sticks,,False,5,21,"RT @Ny1david: @mallen8507 @CGasparino @rcwhalen The Big Lie proponents impervious to loan performance data.
http://t.co/ZxHbOPpsX1
http://t…"
570734895833743360,Wed Feb 25 23:59:37 +0000 2015,"['big', 'data']","<a href=""https://roundteam.co"" rel=""nofollow"">RoundTeam</a>",,,,,,2,0,2266327284,attributionnews,No Last Click,USA,False,372,28,RT @cio__dp: Can Big Data Save the World? #cio http://t.co/8YwuchalbA
570734770730246144,Wed Feb 25 23:59:07 +0000 2015,"['big', 'data']","<a href=""http://twitter.com/download/iphone"" rel=""nofollow"">Twitter for iPhone</a>",,,,,,2,0,29961751,idatin,Ida Tin,Berlin,True,626,323,"RT @TTBOOK1: We're cooking up a show on quantification, and this week we talked with the wonderful @idatin about big data and @helloclue. S…"
570734637934350336,Wed Feb 25 23:58:36 +0000 2015,"['big', 'data']","<a href=""http://dlvr.it"" rel=""nofollow"">dlvr.it</a>",,,,,,0,0,153952888,annemiew,Annemie Williams,Summa Real Estate Executives,True,65,98,Franchisor’s iPad app designed to help win listings with big data http://t.co/5a6VBBqn4D #Select #Technology
570734633580568577,Wed Feb 25 23:58:35 +0000 2015,"['big', 'data']","<a href=""http://dlvr.it"" rel=""nofollow"">dlvr.it</a>",,,,,,0,0,2561975052,LifestylesofPDX,Lifestylesofpdx,Portland Oregon,False,161,424,Franchisor’s iPad app designed to help win listings with big data http://t.co/m6ULxsczuJ #Select #Technology
570734624063791104,Wed Feb 25 23:58:32 +0000 2015,"['big', 'data']","<a href=""http://www.facebook.com/twitter"" rel=""nofollow"">Facebook</a>",,,,,,0,0,23654855,FirestormSol,Firestorm Solutions,"Atlanta, GA",False,1612,1562,"On Robert Heinlein, Big Data, and No Free Lunches http://t.co/XzgCvpPTXY"
570734607643123712,Wed Feb 25 23:58:28 +0000 2015,"['big', 'data']","<a href=""http://www.datamashup.info"" rel=""nofollow"">DataMashup</a>",,,,,,1,0,2255433241,Data_Mashup,DataMashup.info,Netherlands,False,5120,3470,Big Data Success Remains Elusive: Study - http://t.co/fN0urXvk2a #bigdata
570734597069262850,Wed Feb 25 23:58:26 +0000 2015,"['big', 'data']","<a href=""http://www.hootsuite.com"" rel=""nofollow"">Hootsuite</a>",,,,,,2,0,14441118,FirstRain,FirstRain,"San Mateo, CA",True,1589,1612,RT @parulsharmaiitk: Working With #BigData Means CIOs Must Embrace Uncertainty  http://t.co/rfTTqRvQQd via @BizTechMagazine
570734540890599424,Wed Feb 25 23:58:12 +0000 2015,"['big', 'data']","<a href=""http://twitter.com"" rel=""nofollow"">Twitter Web Client</a>",,,,,,3,0,107787873,jenilee_dlf,Jenilee dela Fuente,"San Jose, CA",True,741,1410,"RT @text100: NEW #CONTENT: #Brand Awareness, Not #BigData, Will Save Corporate Communications http://t.co/WR66HJkcQQ #imc #pr http://t.co/3…"
570734489963515904,Wed Feb 25 23:58:00 +0000 2015,"['big', 'data']","<a href=""http://gaggleamp.com/twit/"" rel=""nofollow"">GaggleAMP</a>",,,,,,0,0,2849973749,mjmorgan66,Michael Morgan,,False,3,43,RT @MASERGY: Security is a big data problem. http://t.co/oiJACba1yc http://t.co/mJniZIgSOj
570734467540787201,Wed Feb 25 23:57:55 +0000 2015,"['big', 'data']","<a href=""http://www.facebook.com/twitter"" rel=""nofollow"">Facebook</a>",,,,,,0,1,1935733490,Social4Realty,Social For RE,"San Jose, California",False,4131,4380,Coldwell Banker Real Estate has launched a new iPad app to help its agents win listings by wowing sellers with... http://t.co/ToumcYtZ5W
570734436641173504,Wed Feb 25 23:57:48 +0000 2015,"['big', 'data']","<a href=""http://www.linkedin.com/"" rel=""nofollow"">LinkedIn</a>",,,,,,2,1,719850046,randomnessoftim,Tim Davis,Azusa CA,False,32,94,What does Big Data mean for Medical Billing?  Here are some thoughts. #bigdata #medicalbilling @IMAGINEteam https://t.co/LHHcqKXhar
570734427090890753,Wed Feb 25 23:57:45 +0000 2015,"['big', 'data']","<a href=""http://www.hootsuite.com"" rel=""nofollow"">Hootsuite</a>",,,,,,1,1,19365210,CraigMilroy,Craig Milroy,Toronto Chicago New York Dubai,False,1437,690,. @Hortonworks’ #BigData revenues fall short of expectations http://t.co/Z6tu3boDJz via @siliconangle #hadoop
570734385919598592,Wed Feb 25 23:57:35 +0000 2015,"['big', 'data']","<a href=""http://twitter.com/download/android"" rel=""nofollow"">Twitter for Android</a>",,,,,,3,0,202004358,nataliajorgens,Natalia Jorgensen,,False,15,108,RT @gooddata: How do you define #BigData? @DataScienceCtrl has a possible definition. http://t.co/KmngoHeBPD http://t.co/MlumxCE5dp
570734377614888961,Wed Feb 25 23:57:34 +0000 2015,"['big', 'data']","<a href=""https://roundteam.co"" rel=""nofollow"">RoundTeam</a>",,,,,,1,0,2903243346,hearablereviews,Hearable Reviews,San Francisco,False,97,36,RT @besthosts: GE to Present Industrial Internet of Things ThingsExpo New York [#IoT] How does one define Big Data? And how is th… http://t…
570734363287134208,Wed Feb 25 23:57:30 +0000 2015,"['big', 'data']","<a href=""http://twitter.com/download/iphone"" rel=""nofollow"">Twitter for iPhone</a>",,,,,,60,0,2788252419,TheGaucheMan,The Real Walmart,,False,11,93,"RT @fart: ""Jon what is the difference between Big Data and Huge Data?""
Huge Data is impervious to most kinds of Dark Data incl Terry the Da…"
570734270295052288,Wed Feb 25 23:57:08 +0000 2015,"['big', 'data']","<a href=""http://twitter.com/download/android"" rel=""nofollow"">Twitter for Android</a>",,,,,,3,0,22164685,Actuate,Actuate (BIRT),San Francisco Bay Area,True,17470,1318,RT @cerr1d: $32b of software services and infrastructure to be spent on big data by 2017 #OTinnovate @opentext @optimation
570734233515401216,Wed Feb 25 23:56:59 +0000 2015,"['big', 'data']","<a href=""https://roundteam.co"" rel=""nofollow"">RoundTeam</a>",,,,,,2,0,405961717,Darrengier,Darrengier Skeldon,Denver Colorado ,True,1409,1856,RT @cio__dp: Can Big Data Save the World? #cio http://t.co/8YwuchalbA
570734229895692288,Wed Feb 25 23:56:58 +0000 2015,"['big', 'data']","<a href=""http://gaggleamp.com/twit/"" rel=""nofollow"">GaggleAMP</a>",,,,,,0,0,2905416804,jvmktgmasergy,Marketing Analyst,,False,31,70,RT @MASERGY: Security is a big data problem. http://t.co/GHaCVpHl4o http://t.co/FtA9e9HWqe
570734221083471872,Wed Feb 25 23:56:56 +0000 2015,"['big', 'data']","<a href=""http://www.hootsuite.com"" rel=""nofollow"">Hootsuite</a>",,,,,,2,0,1183232918,BrainGames,Brain Games,,False,42989,15,RT @cityforward: Recruiting Better Talent With Brain Games And #BigData - http://t.co/CBYNg41i23 via @nprnews http://t.co/vvAqYNniOe
570734148391817216,Wed Feb 25 23:56:39 +0000 2015,"['big', 'data']","<a href=""http://twitter.com/download/android"" rel=""nofollow"">Twitter for Android</a>",,,,,,3,0,54240972,marikokoloco,Mar,,False,1382,1832,RT @cerr1d: $32b of software services and infrastructure to be spent on big data by 2017 #OTinnovate @opentext @optimation
570734044310327296,Wed Feb 25 23:56:14 +0000 2015,"['big', 'data']","<a href=""http://twitter.com/download/android"" rel=""nofollow"">Twitter for Android</a>",,,,,,3,0,1300234730,vendorchronicle,Darcy,,False,983,1950,RT @ConnectedWMag: Hitachi acquires .@Pentaho to bring additional #bigdata solutions to market. http://t.co/En4xnqapJG
570734009170284544,Wed Feb 25 23:56:06 +0000 2015,"['big', 'data']","<a href=""http://twitter.com/download/iphone"" rel=""nofollow"">Twitter for iPhone</a>",,,,,,7,0,365878491,FengJade,Jade Feng,"Sydney, Australia",True,152,178,"RT @McK_MktgSales: @McKinsey's Maher Masri is speaking @SXSW on Friday, Mar 13:""Big Data and AI need each other, and you need both"" #sxsw #…"
570733915582926848,Wed Feb 25 23:55:43 +0000 2015,"['big', 'data']","<a href=""http://twitter.com"" rel=""nofollow"">Twitter Web Client</a>",,,,,,11,0,2329567400,Jamiesanssuchan,James Suchan,Windsor Detroit,False,499,2001,RT @PlaceILive: #Chicago is becoming a #smartcity: environmental sensors are used to collect #bigdata! http://t.co/jBxMT5p54C http://t.co/D…
570733910637875201,Wed Feb 25 23:55:42 +0000 2015,"['big', 'data']","<a href=""https://roundteam.co"" rel=""nofollow"">RoundTeam</a>",,,,,,13,0,86456396,jpalmaer,Johan Palmaer,"Stockholm, Sweden",False,2005,1975,RT @analyticbridge: An Ethics Framework for Big Data http://t.co/0vEi3YtgEU
570733876345049088,Wed Feb 25 23:55:34 +0000 2015,"['big', 'data']","<a href=""http://www.simbasystems.com"" rel=""nofollow"">NoSQLDigest</a>",,,,,,1,0,2704548373,NoSQLDigest,NoSQL,,False,4799,12,RT @DistrictDataLab: Big data sparks interest in statistical programming languages http://t.co/1IxJDTQhi7 #DataScience #BigData
570733843227025409,Wed Feb 25 23:55:26 +0000 2015,"['big', 'data']","<a href=""http://www.itknowingness.com"" rel=""nofollow"">ttools it knowingness</a>",,,,,,3,0,213339721,itknowingness,IT Knowingness,Online,False,3182,1706,RT @ConnectedWMag: Hitachi acquires .@Pentaho to bring additional #bigdata solutions to market. http://t.co/En4xnqapJG
570733840496349184,Wed Feb 25 23:55:25 +0000 2015,"['big', 'data']","<a href=""http://www.simbasystems.com"" rel=""nofollow"">NoSQLDigest</a>",,,,,,3,0,2704548373,NoSQLDigest,NoSQL,,False,4799,12,RT @ConnectedWMag: Hitachi acquires .@Pentaho to bring additional #bigdata solutions to market. http://t.co/En4xnqapJG
570733806199672832,Wed Feb 25 23:55:17 +0000 2015,"['big', 'data']","<a href=""http://www.hootsuite.com"" rel=""nofollow"">Hootsuite</a>",,,,,,0,0,386624183,CasertaConcepts,Caserta Concepts,New York City,False,931,993,Managing your organization’s critical data by implementing a big #MDM strategy is a key step in improving your data. #BDWmeetup
570733798813360128,Wed Feb 25 23:55:16 +0000 2015,"['big', 'data']","<a href=""http://klout.com"" rel=""nofollow"">Post with Klout</a>",,,,,,1,1,326175211,designieure,Consultingdienste.de, Germany,True,5337,4757,"#NoSQL, #Industryvoice: 
Understanding #bigdata – and why it's vital for big #business decisions http://t.co/IngCgKs7aj"
570733784049569792,Wed Feb 25 23:55:12 +0000 2015,"['big', 'data']","<a href=""http://tweetadder.com"" rel=""nofollow"">TweetAdder v4</a>",,,,,,0,0,2602857259,BiznessRoll1,BiznessRoll1,,False,291,0,Killing it in Big-Data Marketing http://t.co/wJkARyraKX #marketing #business #entrepreneur #technology #tech
570733780253544448,Wed Feb 25 23:55:11 +0000 2015,"['big', 'data']","<a href=""http://twitter.com"" rel=""nofollow"">Twitter Web Client</a>",,,,,,0,0,1475383028,edmondsburnaby,ebaca,"Burnaby, BC",False,2172,2105,"Via Bernard Marr Interesting read. ""A Brief History of Big Data Everyone Should Read"" by @BernardMarr on @LinkedIn https://t.co/PActNYMmYJ"
570733727254388736,Wed Feb 25 23:54:58 +0000 2015,"['big', 'data']","<a href=""http://www.simbasystems.com"" rel=""nofollow"">NoSQLDigest</a>",,,,,,1,0,2704548373,NoSQLDigest,NoSQL,,False,4799,12,RT @PraxaCRM: Can #BigData save the world? http://t.co/lScV0NrZ5K
570733701971230720,Wed Feb 25 23:54:52 +0000 2015,"['big', 'data']","<a href=""http://twitter.com/download/android"" rel=""nofollow"">Twitter for Android</a>",,,,,,1,0,2950950443,1LucyDavis,Lucy,Isle of Wight,True,353,468,RT @Thebizinator: Big Data is just a further step that will bring change to the way we run #business and society -thanks Bernard https://t.…
570733698267488257,Wed Feb 25 23:54:52 +0000 2015,"['big', 'data']","<a href=""http://www.twitter.com"" rel=""nofollow"">Twitter for Windows Phone</a>",,,,,,3,0,280713630,shelleystern,shelley stern grach,"Chicago, New Buffalo Michigan",True,980,1744,RT @UChicagoMag: Big news! // RT @UChicago: @ChicagoHarris to offer data analytics program this fall. http://t.co/62mbeD8WZX
570733638536589312,Wed Feb 25 23:54:37 +0000 2015,"['big', 'data']","<a href=""http://twitter.com"" rel=""nofollow"">Twitter Web Client</a>",,,,,,0,2,995917088,MiraMegli,Mira Meglić,Beograd,False,29,110,SXSW 2015: Big Data Startups Should Hire Librarians http://t.co/Z4gMdverPt via @sxsw
570733633259991040,Wed Feb 25 23:54:36 +0000 2015,"['big', 'data']","<a href=""https://friendsplus.me"" rel=""nofollow"">Friends+Me</a>",,,,,,0,2,20924564,JPKC,The Bossette,NYC and London,False,6335,6841,"RT Social Quant, Inc.: Speaking of consuming BIG data on small mobile devices, consider... http://t.co/7DZvKaxSC4 http://t.co/loQuuZcd39"
570733616373895168,Wed Feb 25 23:54:32 +0000 2015,"['big', 'data']","<a href=""http://ifttt.com"" rel=""nofollow"">IFTTT</a>",,,,,,0,0,2319239510,NetzAggregat,Aggregator,,False,236,588,[Toolbox] The First 3 Big Data Elements to Merge into Your CRM System http://t.co/RPXxXVg66p
570733615299977216,Wed Feb 25 23:54:32 +0000 2015,"['big', 'data']","<a href=""http://www.simbasystems.com"" rel=""nofollow"">NoSQLDigest</a>",,,,,,1,0,2704548373,NoSQLDigest,NoSQL,,False,4799,12,RT @eMergeTalk: Big Data can do a lot of things but can it save the world? http://t.co/TjZpo2dk8T #BigData #BI #IoT #M2M #analytics
570733614838607872,Wed Feb 25 23:54:32 +0000 2015,"['big', 'data']","<a href=""http://twitter.com/download/iphone"" rel=""nofollow"">Twitter for iPhone</a>",,,,,,1,0,413390280,ShannonSoger,Shannon Soger,Chicago Suburbs,True,1793,1997,RT @techeduk8r: Groovin' to Big Data at #ICE15! @williebee you're a multitalented wonder! http://t.co/nX3II733an
570733606622126081,Wed Feb 25 23:54:30 +0000 2015,"['big', 'data']","<a href=""http://twitter.com"" rel=""nofollow"">Twitter Web Client</a>",,,,,,0,1,2723019768,NovumBurkey,Kimberly Burke,,False,64,410,Working With #BigData Means CIOs Must Embrace Uncertainty  http://t.co/qoiL2P5OY9 via @BizTechMagazine
570733538573729792,Wed Feb 25 23:54:13 +0000 2015,"['big', 'data']","<a href=""http://www.linkedin.com/"" rel=""nofollow"">LinkedIn</a>",,,,,,1,0,90902505,InnovArch,Mohan K. Bavirisetty,"Boston, MA",True,668,1980,Infographic: industries using Hadoop http://t.co/rupcjiO1cp https://t.co/IVSZtqgz6e
570733526791749632,Wed Feb 25 23:54:11 +0000 2015,"['big', 'data']","<a href=""http://twitter.com/download/iphone"" rel=""nofollow"">Twitter for iPhone</a>",,,,,,1,0,413390280,ShannonSoger,Shannon Soger,Chicago Suburbs,True,1793,1997,RT @KaraCynth: Come in out of the snow! Big Data is rocking us out on the Spotlight Stage at #ice15. http://t.co/wtXxOOYTqe
570733509431595009,Wed Feb 25 23:54:07 +0000 2015,"['big', 'data']","<a href=""http://dlvr.it"" rel=""nofollow"">dlvr.it</a>",,,,,,0,0,580716127,yourdotnetnews,DotNet News,"Hillsboro, Oregon",False,84,530,Big Data Support - Site Home - MSDN Blogs http://t.co/FqzltnssL1
570733507590225920,Wed Feb 25 23:54:06 +0000 2015,"['big', 'data']","<a href=""http://www.simbasystems.com"" rel=""nofollow"">NoSQLDigest</a>",,,,,,1,0,2704548373,NoSQLDigest,NoSQL,,False,4799,12,RT @ppopat02: Using #Analytics to build a #BigData #Workforce http://t.co/yTgHSSwlyP #HR #HRanalytics #HRstrategy
570733501349105665,Wed Feb 25 23:54:05 +0000 2015,"['big', 'data']","<a href=""http://www.apple.com"" rel=""nofollow"">iOS</a>",,,,,,0,2,601167411,TopConnectedONA,Top Connected,Global,False,1352,1314,"Coldwell Banker Real Estate Brings Big Data to the Kitchen Table with... -- MADISON, N.J., Feb. 25, 2015 /PRNewswire http://t.co/Q024chF8sF"
570733464212762624,Wed Feb 25 23:53:56 +0000 2015,"['big', 'data']","<a href=""http://www.simbasystems.com"" rel=""nofollow"">NoSQLDigest</a>",,,,,,2,0,2704548373,NoSQLDigest,NoSQL,,False,4799,12,RT @parulsharmaiitk: Working With #BigData Means CIOs Must Embrace Uncertainty  http://t.co/rfTTqRvQQd via @BizTechMagazine
570733419606511616,Wed Feb 25 23:53:45 +0000 2015,"['big', 'data']","<a href=""http://twitter.com"" rel=""nofollow"">Twitter Web Client</a>",,,,,,0,0,2906747817,NeuvooSanJose,San Jose Jobs,San Jose,False,314,534,"Baidu US is hiring a #Data #Scientist - Big Data, apply now! (#Sunnyvale) #jobs http://t.co/5nWg1SMgmy"
570733400899727360,Wed Feb 25 23:53:41 +0000 2015,"['big', 'data']","<a href=""http://twitter.com"" rel=""nofollow"">Twitter Web Client</a>",,,,,,2,0,328984718,SEAustralia,Schneider Australia,Sydney,False,470,360,RT @TungstenBigData: Can Big Data Help You Figure Out If You'll Get the Flu? http://t.co/V8jwvs2bSi #BigData
570733293642977281,Wed Feb 25 23:53:15 +0000 2015,"['big', 'data']","<a href=""http://twitter.com/download/iphone"" rel=""nofollow"">Twitter for iPhone</a>",,,,,,2,0,413390280,ShannonSoger,Shannon Soger,Chicago Suburbs,True,1793,1997,RT @ice_il: Having a great time with Big Data! The #MegaCenter is rocking! #ice15 We have talented members. http://t.co/P7gws0VCIE
570733251569938432,Wed Feb 25 23:53:05 +0000 2015,"['big', 'data']","<a href=""http://www.simbasystems.com"" rel=""nofollow"">NoSQLDigest</a>",,,,,,2,0,2704548373,NoSQLDigest,NoSQL,,False,4799,12,RT @JR_Yseop: How Big Data will become Small Data this year: http://t.co/25xwELsbWC #data #analytics #BigData #businessintelligence
570733251440078848,Wed Feb 25 23:53:05 +0000 2015,"['big', 'data']","<a href=""http://twitter.com/download/iphone"" rel=""nofollow"">Twitter for iPhone</a>",,,,,,0,3,63231182,SeanGoldbergCS,Sean Goldberg,University of Florida,False,128,1628,"Wish people would stop using ""machine learning"" and ""big data"" as empty buzzwords. #BigDataJAX"
570733235950391296,Wed Feb 25 23:53:01 +0000 2015,"['big', 'data']","<a href=""http://twitter.com"" rel=""nofollow"">Twitter Web Client</a>",,,,,,0,1,64734554,daniel_bilar,Daniel Bilar,USA,False,1618,299,"IARPA CAUSE http://t.co/6Cp0vwMWpW [brief http://t.co/DXhfnt8yxk , on pre-crime/Big Data  https://t.co/1TupT6bY8t ] http://t.co/yEWydsar5h"
570733189083369472,Wed Feb 25 23:52:50 +0000 2015,"['big', 'data']","<a href=""http://twitter.com/download/iphone"" rel=""nofollow"">Twitter for iPhone</a>",,,,,,7,0,181200945,alycat1571,alycia ragey ayers,"Raleigh, NC",True,149,513,"RT @HappyAnalytics: Oracle CEO Mark Hurd's Predictions For The #Cloud, #BigData, and the US Economy
http://t.co/fS1wNnefFE http://t.co/PTzg…"
570733123819872257,Wed Feb 25 23:52:35 +0000 2015,"['big', 'data']","<a href=""http://twitter.com/#!/download/ipad"" rel=""nofollow"">Twitter for iPad</a>",,,,,,7,0,17595500,sebaver,Sebastián Vergara,"Montevideo, Uruguay",True,202,597,RT @IBMAnalytics: Visit Big Data &amp; Analytics Booth 104 in the #IBMInterConnect EXPO Center for your chance to meet #Aerosmith! http://t.co/…
570733121005592576,Wed Feb 25 23:52:34 +0000 2015,"['big', 'data']","<a href=""http://twitter.com/download/iphone"" rel=""nofollow"">Twitter for iPhone</a>",,,,,,0,0,207669239,DigSportsDesk,DigitalSportsDesk,U.S.A.,True,1070,762,"A ""big"" #A10 matchup tonight w @DavidsonWildcat at URI http://t.co/hmWd98HIlG"
570733084800262144,Wed Feb 25 23:52:25 +0000 2015,"['big', 'data']","<a href=""http://twitter.com/download/iphone"" rel=""nofollow"">Twitter for iPhone</a>",,,,,,0,1,249400841,jixtacom,Mithun Sridharan,"Heidelberg,  Germany",False,283,157,How Big #Data will become Small Data this year: http://t.co/T40XLrVUND #data #analytics #BigData #businessintelligence
570733061618454529,Wed Feb 25 23:52:20 +0000 2015,"['big', 'data']","<a href=""http://twitter.com/download/iphone"" rel=""nofollow"">Twitter for iPhone</a>",,,,,920142858,0,0,18136130,jppalmCBS,Jerry Palm,The Region,True,31771,384,http://t.co/oq1zWfuv5N RT @jonas073: @acsloduck24 @My_niche7 Illinois should not be in.  Purdue has a better Big 10 record.
570732916008992769,Wed Feb 25 23:51:45 +0000 2015,"['big', 'data']","<a href=""http://www.apple.com"" rel=""nofollow"">iOS</a>",,,,,36680225,0,0,29853334,BennyPack,Benny Pack,New York City,True,94,102,@tmaycunich @tmpww #Recruiting Better Talent With Brain Games And Big Data : All Tech Considered : NPR http://t.co/gljD2lqvE3
570732890406948864,Wed Feb 25 23:51:39 +0000 2015,"['big', 'data']","<a href=""http://www.hootsuite.com"" rel=""nofollow"">Hootsuite</a>",,,,,,2,4,253353900,ice_il,ICE,"Illinois, USA",True,2860,1696,Having a great time with Big Data! The #MegaCenter is rocking! #ice15 We have talented members. http://t.co/P7gws0VCIE
570732826351370240,Wed Feb 25 23:51:24 +0000 2015,"['big', 'data']","<a href=""http://twitter.com"" rel=""nofollow"">Twitter Web Client</a>",,,,,,4,0,2885870386,katrinacastlet1,Katrina Castleton,,True,1486,1449,"RT @KnowledgeBishop: Are YOU #BigDataReady? Get the workbook here, free: http://t.co/qtNehaQ0jx http://t.co/wD18E7HhfD"
570732791987445761,Wed Feb 25 23:51:15 +0000 2015,"['big', 'data']","<a href=""http://klout.com"" rel=""nofollow"">Post with Klout</a>",,,,,,0,2,2714427066,beyondimpactllc,Beyond Impact,"Minneapolis, MN",True,274,509,#BigData: The 4 Layers Everyone Must Know - http://t.co/64zMcC0r7D  #Data #Tech http://t.co/VZ879hjd07
570732692758761473,Wed Feb 25 23:50:52 +0000 2015,"['big', 'data']","<a href=""http://gaggleamp.com/twit/"" rel=""nofollow"">GaggleAMP</a>",,,,,,0,0,17552119,rayjwatson,Ray Watson,,False,117,191,RT @MASERGY: Security is a big data problem. http://t.co/64lxFrOUAZ http://t.co/tjuIzlEus1
570732634600566786,Wed Feb 25 23:50:38 +0000 2015,"['big', 'data']","<a href=""https://github.com/Jeff88Ho"" rel=""nofollow"">Financial Information Miner</a>",,,,,,5,0,1121028973,Jeff88Ho,Jeff Ho,"New York, NY",True,3049,650,RT @ppopat02: 8 Ways Big Data Will Transform Marketing in 2015 #bigdata #analytics #datascience #datascientist http://t.co/lMlRiZaUN5”
570732621807951872,Wed Feb 25 23:50:35 +0000 2015,"['big', 'data']","<a href=""http://mobile.twitter.com"" rel=""nofollow"">Mobile Web</a>",,,,,,0,0,16086750,Geller_Andrea,Andrea Geller,"Chicago, IL",True,11623,2004,Franchisor’s iPad app designed to help win listings with big data | Inman http://t.co/rMWdhyRSEj @InmanNews #HomeRocks
570732585384587265,Wed Feb 25 23:50:26 +0000 2015,"['big', 'data']","<a href=""http://twitter.com/download/android"" rel=""nofollow"">Twitter for Android</a>",,,,,,48,0,1632399391,OscarRieraRos,Oscar Riera,Barcelona,True,58,167,"RT @bigthink: Watch: How Analytics Made Me a Better Basketball Player, with @ShaneBattier http://t.co/yMJEfPWqMB http://t.co/ZVUOnKa8wY"
570732555978317824,Wed Feb 25 23:50:19 +0000 2015,"['big', 'data']","<a href=""http://twitter.com/download/android"" rel=""nofollow"">Twitter for Android</a>",,,,,,0,1,2996294848,MoeMousavi,Moe Mousavi,Montréal,True,34,41,"#bigdata  is NOT just for #BigBusiness --@dleberman tells you how make the most of your #SMB 's data 
http://t.co/jjFPXENW7E via @Inc"
570732522981625856,Wed Feb 25 23:50:11 +0000 2015,"['big', 'data']","<a href=""http://twitter.com"" rel=""nofollow"">Twitter Web Client</a>",,,,,17154954,0,0,2924419781,ABridgesAuthor,Ann Bridges,"San Jose, CA",False,80,152,"@HITNewsTweet @CalliopeCo This is very dangerous, run roughshod over by technologists.Patient should control all data http://t.co/1FCUJvfKAG"
570732515914342400,Wed Feb 25 23:50:10 +0000 2015,"['big', 'data']","<a href=""http://www.hootsuite.com"" rel=""nofollow"">Hootsuite</a>",,,,,,2,5,128346226,buyerp,BuyErp,,False,714,1205,"Forbes:# Cloud computing addresses ‘#datasecurity ’ concerns, while offering ‘big data’ pluses  #bigdata http://t.co/Zp4CrcfiCJ"
570732488420675585,Wed Feb 25 23:50:03 +0000 2015,"['big', 'data']","<a href=""http://www.google.com/"" rel=""nofollow"">Google</a>",,,,,,0,0,109016107,iPadfans,iPad fans,,False,3402,0,iPad news:  Franchisor's iPad app designed to help win listings with big data - http://t.co/t1DAQB6Z7O http://t.co/JR3D1Pk3gJ
570732449296207872,Wed Feb 25 23:49:54 +0000 2015,"['big', 'data']","<a href=""http://twitter.com/download/android"" rel=""nofollow"">Twitter for Android</a>",,,,,,13,0,1405813724,nabbergnossi,Samuel Taylor,"Salt Lake City, UT",False,120,762,RT @analyticbridge: An Ethics Framework for Big Data http://t.co/0vEi3YtgEU
570732390185869314,Wed Feb 25 23:49:40 +0000 2015,"['big', 'data']","<a href=""http://twitter.com/download/iphone"" rel=""nofollow"">Twitter for iPhone</a>",,,,,,3,0,43966920,joecimperman,joecimperman,"Cleveland, OH",True,10854,10883,RT @BernieMorenoCo: Big data discussion by @techczarcle #accelerateneo #cle http://t.co/Fhy38BDksu
570732373979095040,Wed Feb 25 23:49:36 +0000 2015,"['big', 'data']","<a href=""http://www.hootsuite.com"" rel=""nofollow"">Hootsuite</a>",,,,,,1,1,19365210,CraigMilroy,Craig Milroy,Toronto Chicago New York Dubai,False,1437,690,#BigData solutions should start at the business level | #IBMInterConnect http://t.co/qXtmEY3HhE via @siliconangle #ChiefDataOfficer #cdo
570732315971727361,Wed Feb 25 23:49:22 +0000 2015,"['big', 'data']","<a href=""http://twitter.com"" rel=""nofollow"">Twitter Web Client</a>",,,,,,3,0,384569862,CalvinCheng3,Calvin Cheng,"Chicago, IL",True,748,596,RT @PointB: Our portfolio company &amp; business partner @RoundPegg was featured in this great @nprnews piece on talent recruiting http://t.co/…
570732226205216769,Wed Feb 25 23:49:01 +0000 2015,"['big', 'data']","<a href=""http://twitter.com"" rel=""nofollow"">Twitter Web Client</a>",,,,,,7,9,2945940359,HappyAnalytics,Happy Analytics,,False,5156,5226,"Oracle CEO Mark Hurd's Predictions For The #Cloud, #BigData, and the US Economy
http://t.co/fS1wNnefFE http://t.co/PTzgvqk6xx"
570732213936852992,Wed Feb 25 23:48:58 +0000 2015,"['big', 'data']","<a href=""http://twitterfeed.com"" rel=""nofollow"">twitterfeed</a>",,,,,,0,0,177509681,RuudText100,Ruud van Lieshout,Amsterdam,False,431,1093,"Brand Awareness, Not Big Data, Will Save Corporate Communications: If corporate communications wants to surviv... http://t.co/8sbuV8mYXs"
570732202360614913,Wed Feb 25 23:48:55 +0000 2015,"['big', 'data']","<a href=""http://twitterfeed.com"" rel=""nofollow"">twitterfeed</a>",,,,,,0,0,2811616986,dailybigdata,Big Data,Please follow and RT :),False,43,0,Big data = big loss for Hadoop-flinger Hortonworks - The Register http://t.co/MFuHbutbr9 #bigdata
570732151366295553,Wed Feb 25 23:48:43 +0000 2015,"['big', 'data']","<a href=""http://twitter.com"" rel=""nofollow"">Twitter Web Client</a>",,,,,,3,0,2713172648,NPSDataScience,NPS Data Science,"Monterey, CA",True,50,88,RT @joe_caserta: Four Ways Data Visualization Makes Big Data Easier http://t.co/ioRAlBg92D via @rww #bigdata #dataanalytics
570732139882397696,Wed Feb 25 23:48:40 +0000 2015,"['big', 'data']","<a href=""http://ifttt.com"" rel=""nofollow"">IFTTT</a>",,,,,,0,0,2787793200,besthosts,Cloud Server Hosts,US,False,392,0,Xively LogMeIn to Present 'Internet of Things' at ThingsExpo | Xively [#IoT] How does one define Big Data? And how… http://t.co/iD1JRoEx4E
570732136745058305,Wed Feb 25 23:48:39 +0000 2015,"['big', 'data']","<a href=""http://ifttt.com"" rel=""nofollow"">IFTTT</a>",,,,,,0,0,2787793200,besthosts,Cloud Server Hosts,US,False,392,0,GE to Present Industrial Internet of Things ThingsExpo New York [#IoT] How does one define Big Data? And how is th… http://t.co/KcwVxQdrCb
570732135465820160,Wed Feb 25 23:48:39 +0000 2015,"['big', 'data']","<a href=""http://ifttt.com"" rel=""nofollow"">IFTTT</a>",,,,,,0,0,2787793200,besthosts,Cloud Server Hosts,US,False,392,0,Franchisor’s iPad app designed to help win listings with big data Coldwell Banker Real Estate has launched a new i… http://t.co/5rOhmst1Vx
570732130092912640,Wed Feb 25 23:48:38 +0000 2015,"['big', 'data']","<a href=""http://ifttt.com"" rel=""nofollow"">IFTTT</a>",,,,,,0,0,2787793200,besthosts,Cloud Server Hosts,US,False,392,0,Making big data insights a reality for healthcare providers Big data insights in healthcare: reality or wishful th… http://t.co/gvY7os9Dyi
570732130004656130,Wed Feb 25 23:48:38 +0000 2015,"['big', 'data']","<a href=""http://www.elasticgrid.com"" rel=""nofollow"">Elastic Grid</a>",,,,,,0,0,2395399118,47lining,47Lining,"Boulder, CO",False,13,0,Drive your business forward with AWS Big Data Services #AWScloud #47lining http://t.co/c5ey2tFRgk
570732108651614208,Wed Feb 25 23:48:33 +0000 2015,"['big', 'data']","<a href=""http://twitter.com/download/iphone"" rel=""nofollow"">Twitter for iPhone</a>",,,,,,4,0,2915330039,evandroinada,Evandro Inada,,False,692,1695,"RT @KJCox: Join @EXASOL at “Big Data, Vienna” and learn why #BigData matters to everyone: http://t.co/Svx7DkIjB0 http://t.co/i2h8qF87lY"
570732081103269888,Wed Feb 25 23:48:26 +0000 2015,"['big', 'data']","<a href=""http://twitter.com"" rel=""nofollow"">Twitter Web Client</a>",,,,,,14,0,2713172648,NPSDataScience,NPS Data Science,"Monterey, CA",True,50,88,"RT @cutting: ""Hadoop is what it is."" http://t.co/RMf3nauuuv"
570732079408947200,Wed Feb 25 23:48:26 +0000 2015,"['big', 'data']","<a href=""http://twitter.com/download/iphone"" rel=""nofollow"">Twitter for iPhone</a>",,,,,,3,0,14066183,techczarcle,Michael DeAloia,"Cleveland, OH",True,3865,3718,RT @BernieMorenoCo: Big data discussion by @techczarcle #accelerateneo #cle http://t.co/Fhy38BDksu
570732075365601282,Wed Feb 25 23:48:25 +0000 2015,"['big', 'data']","<a href=""http://itunes.apple.com/us/app/twitter/id409789998?mt=12"" rel=""nofollow"">Twitter for Mac</a>",,,,,,1,0,250666984,M_Warsh,Matthew Warshaw,NYC,False,42,301,"RT @robmarano: I'm going to @TheHackerati ""Agile Hacking: Big Data Seminar"".  See you there? http://t.co/z5VMi6ZS1Q via @eventbrite"
570732056218607619,Wed Feb 25 23:48:20 +0000 2015,"['big', 'data']","<a href=""http://twitter.com/download/iphone"" rel=""nofollow"">Twitter for iPhone</a>",,,,,,39,0,2569154647,orange_grimace,Fartin Scorsese,,False,84,255,"RT @fart: ""Jon, any developments in the world of #DevOps today?""
yes..... you have probably heard of 'big data,' well get ready for Huge Da…"
570732056159719426,Wed Feb 25 23:48:20 +0000 2015,"['big', 'data']","<a href=""http://tweetmyjobs.com"" rel=""nofollow"">SafeTweet by TweetMyJOBS</a>",41.4103284,-87.3355688,"Crown Point, IN",United States,,0,0,2294998164,TransUnion_Jobs,TransUnion Jobs,,True,154,66,"#IND, APAC #IT #Job: Big Data Solution Architect at TransUnion http://t.co/s9GY0elGwo #Jobs #TweetMyJobs"
570732025759444992,Wed Feb 25 23:48:13 +0000 2015,"['big', 'data']","<a href=""http://twitter.com"" rel=""nofollow"">Twitter Web Client</a>",,,,,,0,0,1475383028,edmondsburnaby,ebaca,"Burnaby, BC",False,2172,2105,"Via Jordan W Neveille. Worth reading. ""The Key to Continuous Innovation - Big Data"" on @LinkedIn https://t.co/2zZfK8e3Qn #burnaby #vancouver"
570732012019027968,Wed Feb 25 23:48:10 +0000 2015,"['big', 'data']","<a href=""http://twitter.com"" rel=""nofollow"">Twitter Web Client</a>",,,,,,5,0,231869776,DataAnalyticsRy,Ryszard Frank,Latin America,False,376,894,"RT @MiquelRojas: Best strategy for #datawarehouse: Agile, Big Bang or Data Warehouse Automation? http://t.co/G0VZVJmK7E"
570732005199110144,Wed Feb 25 23:48:08 +0000 2015,"['big', 'data']","<a href=""http://bufferapp.com"" rel=""nofollow"">Buffer</a>",,,,,,0,0,14789460,jasonthink,Jason Erickson,"Home - Goodyear, AZ",False,395,635,Microsoft Makes Apache Storm Generally Available And Improves Productivity for Real-Time Analytics on Big Data - http://t.co/WUqUShANM8 #cl…
570731984646856704,Wed Feb 25 23:48:03 +0000 2015,"['big', 'data']","<a href=""https://about.twitter.com/products/tweetdeck"" rel=""nofollow"">TweetDeck</a>",,,,,,1,0,84108585,gardenfelder,Jack Park,"Mountain View, CA",False,160,88,RT @sbuckshum: #LearningAnalytics techies take note - DARPA XDATA is developing an open source software library for big data http://t.co/WI…
570731908239376384,Wed Feb 25 23:47:45 +0000 2015,"['big', 'data']","<a href=""http://twitter.com/download/android"" rel=""nofollow"">Twitter for Android</a>",,,,,,32,0,146155769,semberal,Lukáš Šembera,"Prague, Czech Republic",False,58,238,RT @recruiterbro: ♻ We also have a need for someone who understand Big Data. Our largest table is nearing a billion rows.
570731906226098177,Wed Feb 25 23:47:44 +0000 2015,"['big', 'data']","<a href=""https://www.ziprecruiter.com/"" rel=""nofollow"">ZipRecruiter Tweeter 04</a>",,,,,,0,0,2967174883,ZRJobs04,ZipRecruiter Jobs,"Santa Monica, CA",False,266,4,"ServerLogic is hiring Software Engineer - Big Data in Portland, OR http://t.co/futrgTDy39 #jobs #Portland"
570731882125484032,Wed Feb 25 23:47:39 +0000 2015,"['big', 'data']","<a href=""http://twitter.com/#!/download/ipad"" rel=""nofollow"">Twitter for iPad</a>",,,,,,1,0,1472614729,JBettencourt5,Jeff Bettencourt,Bay Area - CA,False,554,208,RT @SaidRiley: Big data requires big networks: http://t.co/vbRnHRnKnV #DParmy http://t.co/MXAWrkNs1D
570731781017743360,Wed Feb 25 23:47:14 +0000 2015,"['big', 'data']","<a href=""http://twitter.com"" rel=""nofollow"">Twitter Web Client</a>",,,,,,1,2,2327429660,CristianRobertM,Cristian R Munteanu,A Coruña,False,29,60,HP extends R programming language for big data by @Joab_Jackson http://t.co/RYhnOHlEaD via @computerworld
570731776613736448,Wed Feb 25 23:47:13 +0000 2015,"['big', 'data']","<a href=""http://twitter.com"" rel=""nofollow"">Twitter Web Client</a>",,,,,,0,1,2494225975,ArjenSAP,Arjen Vons,"Reston, Virginia",False,416,454,Important Changes to Manufacturing due to #IoT and #BigData  http://t.co/cBwm0KSRo2
570731759333015552,Wed Feb 25 23:47:09 +0000 2015,"['big', 'data']","<a href=""http://twitter.com"" rel=""nofollow"">Twitter Web Client</a>",,,,,,13,0,2713172648,NPSDataScience,NPS Data Science,"Monterey, CA",True,50,88,"RT @BernardMarr: A Brief History of Big Data Everyone Should Read   http://t.co/OQFpuQMP3n

#BigData
#BigDataAnalytics"
570731707520974850,Wed Feb 25 23:46:57 +0000 2015,"['big', 'data']","<a href=""http://www.ajaymatharu.com/"" rel=""nofollow"">Tweet Old Post</a>",,,,,,0,0,2255433241,Data_Mashup,DataMashup.info,Netherlands,False,5120,3470,How Big Data Is Revolutionizing Design (video)! http://t.co/62cECFoIaz
